shoulder_pan_joint,shoulder_lift_joint,elbow_joint,wrist_1_joint,wrist_2_joint,wrist_3_joint
-0.4586777687072754,-0.7467560768127441,1.1185834407806396,-1.0517568588256836,-1.2989706993103027,-3.5093939304351807
-0.4655756950378418,-0.7471837997436523,1.1120812892913818,-1.0513687133789062,-1.3046364784240723,-3.511305332183838
-0.4925975799560547,-0.7486581802368164,1.0828592777252197,-1.0490918159484863,-1.3299460411071777,-3.520235061645508
-0.5207662582397461,-0.7494993209838867,1.0397140979766846,-1.0442314147949219,-1.366992473602295,-3.534379482269287
-0.5264859199523926,-0.747891902923584,0.9996707439422607,-1.037332534790039,-1.401257038116455,-3.549051523208618
-0.5064387321472168,-0.7437052726745605,0.9699037075042725,-1.029893398284912,-1.4276337623596191,-3.5615060329437256
-0.47183752059936523,-0.7379584312438965,0.9490077495574951,-1.0236563682556152,-1.448777198791504,-3.571085214614868
-0.43488597869873047,-0.7316808700561523,0.9333088397979736,-1.0198383331298828,-1.468874454498291,-3.5781171321868896
-0.40161705017089844,-0.7252960205078125,0.920428991317749,-1.018812656402588,-1.4902663230895996,-3.5832581520080566
-0.37313413619995117,-0.7186751365661621,0.9091689586639404,-1.0203814506530762,-1.5138440132141113,-3.587437391281128
-0.3483104705810547,-0.7113528251647949,0.8987658023834229,-1.0241303443908691,-1.5400352478027344,-3.591831922531128
-0.3256096839904785,-0.7029032707214355,0.8885619640350342,-1.0296077728271484,-1.5689725875854492,-3.597330331802368
-0.30408239364624023,-0.6934709548950195,0.8780648708343506,-1.0363435745239258,-1.5998969078063965,-3.6035258769989014
-0.2839775085449219,-0.6841034889221191,0.867058515548706,-1.043844223022461,-1.630788803100586,-3.60809326171875
-0.26618194580078125,-0.6761593818664551,0.8557448387145996,-1.0516128540039062,-1.6593670845031738,-3.6081149578094482
-0.25089406967163086,-0.6701130867004395,0.844890832901001,-1.0591697692871094,-1.68497896194458,-3.602656602859497
-0.23687171936035156,-0.6648674011230469,0.8357679843902588,-1.0661134719848633,-1.7097511291503906,-3.5942788124084473
-0.22261857986450195,-0.6587314605712891,0.8294544219970703,-1.0722756385803223,-1.7372832298278809,-3.5870325565338135
-0.2084178924560547,-0.6511430740356445,0.8258712291717529,-1.0779099464416504,-1.7702484130859375,-3.5828897953033447
-0.19723129272460938,-0.6435012817382812,0.8234386444091797,-1.0837554931640625,-1.8089842796325684,-3.5798726081848145
-0.19308805465698242,-0.6380472183227539,0.8200969696044922,-1.0908088684082031,-1.8523187637329102,-3.573983907699585
-0.1987323760986328,-0.636162281036377,0.8147149085998535,-1.1000075340270996,-1.8990726470947266,-3.562260866165161
-0.2143106460571289,-0.6374883651733398,0.8077666759490967,-1.112006664276123,-1.9487791061401367,-3.5442652702331543
-0.23767709732055664,-0.640326976776123,0.8008759021759033,-1.127091884613037,-2.0011868476867676,-3.5211448669433594
-0.2649211883544922,-0.6422853469848633,0.7961509227752686,-1.1451053619384766,-2.0554685592651367,-3.494234085083008
-0.28970813751220703,-0.6405172348022461,0.7959146499633789,-1.1652240753173828,-2.1092729568481445,-3.4644274711608887
-0.30135107040405273,-0.6315350532531738,0.8028569221496582,-1.1855716705322266,-2.1576385498046875,-3.4323906898498535
-0.2846360206604004,-0.6115031242370605,0.8198094367980957,-1.2030692100524902,-2.1926817893981934,-3.3990049362182617
-0.22997093200683594,-0.5794224739074707,0.8471682071685791,-1.2146220207214355,-2.2075915336608887,-3.366304397583008
-0.1512908935546875,-0.5424637794494629,0.8785626888275146,-1.2193374633789062,-2.2038698196411133,-3.3387632369995117
-0.0912318229675293,-0.5167732238769531,0.9003012180328369,-1.2198076248168945,-2.194566249847412,-3.3227856159210205
-0.07713508605957031,-0.5109953880310059,0.9051783084869385,-1.2196125984191895,-2.1917614936828613,-3.3195226192474365
